role,median_salary,projected_growth,jobs_2026,program,source
Data Scientists,"$112,174",+28.10%,"91,945",M.S. in Business Analytics,Lightcast Q1 2026
Statisticians,"$103,043",+7.86%,"12,263",M.S. in Business Analytics,Lightcast Q1 2026
Management Analysts,"$101,213",+9.89%,"346,738",M.S. in Business Analytics,Lightcast Q1 2026
Market Research Analysts and Marketing Specialists,"$76,357",+8.53%,"210,002",M.S. in Business Analytics,Lightcast Q1 2026
"Mathematical Science Occupations, All Other","$71,344",+3.42%,"2,103",M.S. in Business Analytics,Lightcast Q1 2026
Market Research Analysts and Marketing Specialists,"$76,357",+8.74%,"538,377",B.S. in Analytics,Lightcast Q2 2026
Management Analysts,"$101,213",+10.10%,"486,576",B.S. in Analytics,Lightcast Q2 2026
Financial Managers,"$160,784",+14.03%,"379,725",B.S. in Analytics,Lightcast Q2 2026
Postsecondary Teachers,"$83,949",+7.68%,"284,577",B.S. in Analytics,Lightcast Q2 2026
Financial and Investment Analysts,"$101,171",+7.80%,"195,354",B.S. in Analytics,Lightcast Q2 2026
Data Scientists,"$112,174",+28.39%,"103,707",B.S. in Analytics,Lightcast Q2 2026
Computer Programmers,"$96,616",−1.74%,"59,672",B.S. in Analytics,Lightcast Q2 2026
Financial Risk Specialists,"$105,976",+7.77%,"24,738",B.S. in Analytics,Lightcast Q2 2026
Statisticians,"$103,043",+8.13%,"13,796",B.S. in Analytics,Lightcast Q2 2026
"Mathematical Science Occupations, All Other","$71,344",+3.94%,"2,361",B.S. in Analytics,Lightcast Q2 2026
